step,episode_reward
0,8.090254
50403,557.869263
100448,735.654907
150424,472.731781
200611,868.468445
250494,809.617249
300152,829.386597
350323,816.555847
400233,911.763489
450925,921.809265
500986,838.333191
550577,940.275024
600733,849.431763
650266,951.010925
700396,856.585632
750204,843.360229
800634,932.491028
850019,949.414856
900700,920.174438
950885,901.833191
1000885,824.995972
1050991,895.742065
1100321,951.704224
